Player,Age,Pos,Squad,Nation,std_MP,std_Min,pass_Cmp%,pass_PrgDist,pass_KP,pass_1/3,pass_PPA,pass_PrgP,passt_TB,passt_Sw,passt_Crs,gca_PassLive,gca_PassDead,poss_Carries,poss_PrgDist,poss_PrgC,poss_1/3,poss_CPA,gca_TO,gca_Sh,gca_Fld,def_Tkl,def_TklW,def_Int,def_Tkl+Int,def_Blocks,def_Pass,def_Def 3rd,def_Mid 3rd,def_Att 3rd,misc_TklW,misc_Recov,misc_Won,misc_Lost,misc_Fls,misc_Fld,poss_Mis,poss_Dis,def_Lost,std_Gls,std_Ast,std_xG,std_xAG,std_PrgR,shoot_Sh,std_CrdY,std_CrdR,std_90s,pt_Min%,pt_Mn/MP,Cluster
Alonzo Engwanda,21.0,MF,Utrecht,be BEL,21.0,1270.0,0.7440082711506215,-0.6568717282066111,-1.3964687179976227,-0.9561186641995287,-1.0552445038232001,-0.9545660982735193,-0.7966832208771517,-1.1644761036035571,-0.5677531157360142,-1.289554479520316,-0.4256881828729955,-1.0266696780207685,-1.1854211558250856,-1.0427103842155603,-1.057243928576571,-0.75428371152956,-1.0160848173050159,-0.697853795220851,-1.1487680926956103,0.21237644464862646,0.5351387483504046,1.0479479690558953,0.49141714662446834,-0.5267398520610248,-0.30513639624850947,0.4686411908838858,0.15690304082783113,-0.6151246852292456,0.5351387483504046,-1.0124797261419103,-0.1900966540216044,-0.015671209433612148,-1.505164397750638,-1.4619268064077353,-0.9417255665338133,-1.049071208739639,-0.6399730286728885,-0.7648958239013013,-0.8854039279818039,-0.9383572836716598,-1.0439906524464364,-0.9779725653772722,-1.1616762924606205,-1.075174404457249,-0.4417261042993861,-0.7593482394678285,-0.7585922323252089,-0.698249300147908,1
Amine Lachkar,21.0,MF,Willem II,nl NED,23.0,1741.0,1.3075667750445645,0.6183952307671778,-0.9901328083664855,0.9248189179348125,-1.1351625574357762,0.010125038166719759,-0.7966832208771517,0.3048628425743219,-0.8277522061197964,-0.8644027924118517,-0.4256881828729955,0.4414361973729235,0.4343640532678364,-0.5083527697784631,-0.5781229805973619,-0.5566371774924026,-1.0160848173050159,-0.3869916500770173,-0.6075215874832555,0.7020915405442825,0.6659207866006283,0.2955750681952524,0.6116640389320785,1.9360705249418588,0.4682265390709881,0.730581324191609,0.9257279408842031,-0.6151246852292456,0.6659207866006283,0.10442853719892987,0.8506559769346652,-0.24603798810771096,-0.3318203331404815,-0.8443887588734335,-0.5482884540842421,-0.25579205398281313,-0.14023313377294375,-0.7648958239013013,-0.8854039279818039,-0.6930397925898159,-1.1074590668011206,-0.9972565314551339,-0.8184764920179048,0.9908470001860922,-0.4417261042993861,-0.029778362332071803,-0.024326328640495304,0.46155462213166815,2
Anouar El Azzouzi,23.0,MF,Zwolle,nl NED,33.0,2876.0,1.1132362564604465,3.5815541061193406,0.14760773860069876,2.487443986169496,0.06360824675286679,1.994632518843783,-0.7966832208771517,2.263981437478161,-0.08489766216613294,0.7299160342448889,-0.4256881828729955,2.9485740246928103,1.8664488304057845,0.026004844658634174,-0.039111914120751795,-0.5566371774924026,-0.6796783575215984,-0.697853795220851,-1.1487680926956103,2.1712368282312506,1.973741169102864,2.36460054556202,2.355243977392427,0.85243395906059,0.21043889396448892,2.040281990730225,2.292527763206642,0.9226870278438684,1.973741169102864,2.7798134470618723,3.088274133490645,2.9023079871049733,2.0148677960798316,1.272884546958459,1.6437183152776549,1.251438340055156,1.8587264458268353,-0.5349578154892537,-0.8854039279818039,0.18309410413105562,-0.5997117519636477,-0.1680459901070806,0.3582085380714059,2.0238577025077626,-0.4417261042993861,1.7520557606725642,1.7445869847817694,1.2589198186988768,2
Antoni Milambo,19.0,MF,Feyenoord,nl NED,29.0,1978.0,0.6274099600001519,-0.47909531571592345,0.6352108301580635,-0.11693112755497646,0.143526300365443,0.06525024596330485,-0.5600924461924218,-0.18491680615163777,-0.7906094789221132,0.14533246447075068,-0.2084098395315707,-0.26527379422060154,0.06591505720807306,0.3959447315766246,0.9790201003350673,-0.45781391047382386,0.32954102182865386,-0.697853795220851,0.47497142294145417,-0.032481103299201536,0.20818365272484574,-0.8329842830957116,-0.2901876533749982,0.556896713820244,0.854908006730737,-0.4918059645777661,0.24232802972298356,0.6151246852292456,0.20818365272484574,-0.28519062443159576,-0.45028481176067175,-0.32282691433241056,-0.667061494457669,0.3906873361951705,0.5196122797074514,0.7754708472010605,-0.39010308122291615,-0.07508179866515839,1.374220679888425,-0.2724955221637975,-0.15543285148085906,0.1597814332165684,0.26015145223062996,-0.5586690532964138,-0.4417261042993861,0.34903676618072477,0.3428066232018613,-0.11834733900811989,1
Casper Staring,23.0,MF,NAC Breda,nl NED,15.0,628.0,-1.1992969146905574,-1.3581373553377738,-1.4777358999238501,-1.6506186945260548,-1.2150806110483525,-1.7538816113240032,-0.5600924461924218,-1.1644761036035571,-0.6791812973290637,-1.7147061666287802,-0.6429665262144203,-1.8090985972850284,-1.7429609574098595,-1.248232543614444,-1.5363648765557798,-0.75428371152956,-1.0160848173050159,-1.0087159403646846,-1.1487680926956103,-0.8078633384673235,-1.0342457106522782,-0.8329842830957116,-0.8613603918361468,-1.2163267576218322,-1.2073931541212566,-0.404492586808525,-0.868196825913998,-1.537811713073114,-1.0342457106522782,-1.5059973308739094,-0.5023224433084853,-0.8603493979053078,-1.0861129461041534,-1.9912451328657086,-1.2789573772048746,-1.445710786118052,-0.7649080023978747,-0.7648958239013013,-0.8854039279818039,-0.9383572836716598,-1.2343958955104888,-1.1129603279223041,-1.3577904641421723,-1.075174404457249,-0.4417261042993861,-1.7554917255570344,-1.7598639191680001,-2.003028712712431,1
Daouda Weidmann,21.0,MF,RKC Waalwijk,ci CIV,12.0,788.0,0.12215061168144371,-0.9947125120911282,-0.908865626440258,-1.216556175571976,-1.2150806110483525,-1.5333807801376629,-0.7966832208771517,0.3048628425743219,-0.5677531157360142,-1.395842401297432,-0.4256881828729955,-1.4262973518385356,-0.9351539132184538,-0.5494572016582397,-0.9973538100791698,-0.6554604445109813,-0.006865437954763554,-1.0087159403646846,0.47497142294145417,-1.1751496603890654,-1.09963672977739,-0.6448910578805509,-1.0717924533744647,-0.8222770973013709,-0.6918178639082583,-0.8410594756547304,-1.2953217703897602,-1.2302493704584911,-1.09963672977739,-1.142352780018752,-0.7104729694997391,-1.5514497339276043,-0.41563062346977836,-0.9326084799497623,-0.7169043594197727,-0.4937758004098609,-1.2646478972978195,-0.7648958239013013,-0.8854039279818039,-0.903311927802825,-1.0439906524464364,-0.9779725653772722,-1.0636192066198447,-0.04216370213557844,2.263846284534354,-1.5029483065485032,-1.5071620172505338,-0.2633228292930669,1
Dirk Proper,22.0,MF,NEC Nijmegen,nl NED,26.0,2159.0,1.0549371008852118,0.7141714529946331,-0.5025297168091208,1.6482564495249439,-0.7355722893728952,0.9472535707086663,-0.5600924461924218,0.05997301821134207,-0.7906094789221132,-0.17353130086059743,-0.2084098395315707,0.7695515506127745,-0.3414643988127219,-0.8782926566964535,-0.638013099094763,-0.5566371774924026,-1.0160848173050159,-0.697853795220851,-0.6075215874832555,0.3348052186225405,0.4697477292252929,0.2955750681952524,0.34110853123995555,0.4583842987401286,0.08154507141123932,0.2940144353454036,0.327753018618136,0.3075623426146228,0.4697477292252929,-0.2592160136562274,0.3302796614565304,1.4433183888356804,0.8415237314696751,0.2142478940425128,-0.6044937558627523,-0.33511996945849576,0.7343116823019595,-0.7648958239013013,-0.43347900640775816,-0.4827676573768067,-0.47277492325427956,-0.7079970402872083,-0.5733337774159651,-0.04216370213557844,-0.4417261042993861,0.6296405650790926,0.6288842480140874,0.9689688381289827,2
Edouard Michut,21.0,MF,Fortuna Sittard,fr FRA,18.0,1028.0,1.3269998269029752,-1.2525211102787306,-1.4777358999238501,-1.3612436818900022,-1.1351625574357762,-1.588505987934248,-0.7966832208771517,-0.6746964548775974,-0.45632493414296466,-1.342698440408874,-0.6429665262144203,-1.1654877120837823,-1.1715174201247172,-0.8782926566964535,-0.9973538100791698,-0.26016737643666643,-0.343271897738181,-0.3869916500770173,-0.06627508227090066,-0.23652905992239154,0.012010595349510385,-0.17465799484264924,-0.23006420722119308,-0.5267398520610248,-0.5629240413550087,-0.3171792090392839,-0.1847969147527786,0.0,0.012010595349510385,-1.2982004446709623,-0.5023224433084853,-0.3996158405571102,0.087231118506003,0.47890705727149935,-0.6044937558627523,-0.25579205398281313,-0.015298160047957565,-0.5349578154892537,-0.8854039279818039,-0.37763158977030215,-1.1709274811558046,-0.7465649724429317,-0.7694479490975169,0.9908470001860922,2.263846284534354,-1.1381633679806251,-1.1352611049946397,-0.9157125355753285,1
Enric Llansana,23.0,MF,Go Ahead Eag,nl NED,33.0,2719.0,0.005552300530974087,3.1977932156874136,-0.014926625251756132,2.747881497541943,1.1824609973289337,2.490759389013049,0.38627065254649784,2.263981437478161,-0.30775402535223195,1.4739314866847013,-0.4256881828729955,2.0778063564793596,1.4131870465737737,0.1493181402979643,0.08066832287405044,0.03630242461906973,-0.6796783575215984,0.8564569304983172,-1.1487680926956103,2.946619063399373,3.0853884942297642,1.8943674825241181,2.776108100469063,2.822682260662897,3.17499681268923,3.5246094128073238,2.6342277187872516,0.3075623426146228,3.0853884942297642,1.6109559621702956,4.701440711472863,3.2862526182284713,3.0205912800313945,1.3611042680347878,0.5758175814859615,0.22017543887128238,2.483401314451766,0.15485620974688924,0.47037083674033336,-0.23745016629496263,0.9235301925487706,-0.5730092777421764,0.6033512526733457,0.4743416490252569,2.263846284534354,1.499512341664033,1.5014210036913775,0.8964810929865092,2
Espen van Ee,21.0,MF,Heerenveen,nl NED,32.0,2236.0,0.7245752192922108,0.44652283197544285,-0.4212625348828934,1.1563189280436545,-0.49581812853516666,0.6440649278274483,-0.086910896822962,0.5497526669373017,-0.49346766134064785,-0.17353130086059743,-0.6429665262144203,1.2995840443079183,0.49136936963934696,-0.2617261784998028,0.6196793893506606,-0.6554604445109813,-1.0160848173050159,1.1673190756421508,-0.06627508227090066,1.3142354104138525,1.2544399587266344,1.0479479690558953,1.3030836697008374,1.7390456947816282,1.2415894743904856,1.0798348352685734,1.1820029075696603,1.8453740556877367,1.2544399587266344,1.22133680053977,0.27824202990871694,0.5986402003639847,1.4281957637747533,0.5671267783478282,0.6882281850429819,0.6168150162496954,0.9841816297519319,-0.5349578154892537,0.018445915166287602,-0.4827676573768067,-0.5362433376089636,-0.3223177187299742,0.30917999515101796,0.9908470001860922,-0.4417261042993861,0.7418820846384399,0.748083258352515,0.02662815127682713,2
Ezequiel Bullaude,23.0,MF,Fortuna Sittard,ar ARG,28.0,2058.0,-1.685123211150852,-1.0924567388849011,-0.6650640806615757,-1.0718686692539496,-1.0552445038232001,-0.9545660982735193,-0.5600924461924218,-0.6746964548775974,-0.6420385701313805,-0.8644027924118517,-0.6429665262144203,-0.820545930472657,-1.0283089424109222,-0.6727704972975699,-0.638013099094763,-0.45781391047382386,-1.0160848173050159,0.8564569304983172,0.47497142294145417,-0.27733865124702956,-0.18416246202582498,-0.3627512200578099,-0.32024937645190077,-0.4282274369809095,-0.1762425736952599,-0.404492586808525,-0.6119218592285408,1.537811713073114,-0.18416246202582498,0.41612386650335037,0.7465807138390382,2.057629798633277,1.4281957637747533,0.5671267783478282,1.8685395223916956,0.8547987626767432,1.8587264458268353,0.6147322265709846,-0.43347900640775816,1.1643640684584318,-0.15543285148085906,0.06336160282725986,0.40723708099179384,-0.5586690532964138,-0.4417261042993861,0.47530847568499013,0.47154155436736317,0.31657913184672115,1
Gjivai Zechiël,20.0,MF,Sparta R'dam,nl NED,13.0,1025.0,0.8411735304426805,-0.7309999002045732,-0.5837968987353482,-0.8114311578815024,-0.41590007492259046,-0.8443156826803492,-0.086910896822962,-0.9195862792405773,-0.8648949333174796,-0.9175467533004098,-0.4256881828729955,-1.0182564638351312,-0.6723733084814905,-0.42614390601890967,-0.5182328620999608,-0.26016737643666643,-0.006865437954763554,-1.0087159403646846,-0.6075215874832555,-0.6038153818441335,-0.772681634151831,-0.5508444452729706,-0.6208666072209263,-0.5267398520610248,-1.0784993315680071,-0.5791193423470071,-0.5264968703333883,-0.6151246852292456,-0.772681634151831,-0.726759007612858,-0.6584353379519257,-1.013927250354707,-0.3318203331404815,-0.6679493167207757,-0.9417255665338133,-1.049071208739639,-1.3895828710228055,-0.30501980707720605,-0.43347900640775816,-0.37763158977030215,-0.5362433376089636,-0.8429848028322403,-0.720419406177129,-0.04216370213557844,-0.4417261042993861,-1.1381633679806251,-1.140029065408177,0.6790178575590887,1
Ismael Saibari,23.0,MF,PSV Eindhoven,ma MAR,29.0,1782.0,0.8800396341595046,-0.29279088343785964,1.6916841951990202,0.1435063838174708,0.8627887828786288,0.8370031551154962,0.8594522019159576,-0.9195862792405773,-0.34489675254991514,1.7927952520160493,-0.6429665262144203,0.626526909456942,1.6356468177796686,2.040122006767693,1.6378114038064797,2.111591032009223,1.6751668609623236,3.65421623679282,-0.06627508227090066,-0.032481103299201536,-0.31494450027604853,-0.5508444452729706,-0.2000024841442905,-0.4282274369809095,-0.30513639624850947,-0.14255245350080176,-0.1847969147527786,0.9226870278438684,-0.31494450027604853,-0.10336834900401712,-0.45028481176067175,-0.7067715454559086,0.25485169916459677,-0.22685071133913146,1.2502812028280836,0.5374871007740127,-0.14023313377294375,1.7644222686312228,4.085770209332699,2.9516772177690096,1.177403849967507,2.0881780410027386,2.711578598250027,-0.5586690532964138,-0.4417261042993861,0.04037258739252017,0.03765715673548722,-0.6257615550054344,0
Jakob Breum,20.0,MF,Go Ahead Eag,dk DEN,26.0,2059.0,-1.413060485133086,1.1281084134434298,1.9354857409777027,0.46181889771712853,1.661969319004391,1.2228796096915917,3.225359948763257,0.5497526669373017,2.40366506007864,1.261355643130469,4.137157027296925,0.7989978002625047,0.5400324445906365,0.6014668909755081,0.6196793893506606,0.6292420267305421,0.32954102182865386,1.4781812207859846,1.0162179281538088,-0.7262441558180476,-0.772681634151831,-0.927030895703292,-0.8312986687592443,0.06433463841966723,-0.1762425736952599,-0.6664327201162482,-0.868196825913998,0.0,-0.772681634151831,0.7018445850324024,-0.7625106010475526,-0.16924906188301136,-1.1699232364334504,0.7435662205004859,0.5758175814859615,0.8547987626767432,0.23457178740201481,1.534484260219175,1.374220679888425,1.2344547801961014,1.3043406786768752,1.2975354318104089,1.4858650252403287,0.4743416490252569,-0.4417261042993861,0.47530847568499013,0.47154155436736317,0.6790178575590887,0
Jan Žambůrek,23.0,MF,Heracles Almelo,cz CZE,20.0,935.0,-1.0049663961064395,-0.8254641193878167,-0.908865626440258,-0.6667436515634763,-0.9753264502106238,-1.5609433840359555,-0.7966832208771517,-0.4298066305146176,0.3979577914037483,-1.395842401297432,0.4434251904927036,-1.3211321745180706,-1.323068139258733,-0.9605015204560069,-1.1770241655713731,-0.75428371152956,-1.0160848173050159,-1.0087159403646846,-1.1487680926956103,-0.48138660787021953,-0.7072906150267192,-0.26870460745022956,-0.440496268759511,-0.6252522671411402,-0.5629240413550087,-0.14255245350080176,-0.6119218592285408,-0.9226870278438684,-0.7072906150267192,-1.3241750554463307,-0.7104729694997391,-0.7835604716806083,-0.3318203331404815,-1.1972676431787488,-1.0541361700908338,-1.049071208739639,-1.014777949847847,-0.7648958239013013,-0.43347900640775816,-0.9383572836716598,-0.6631801663183319,-0.9779725653772722,-1.3577904641421723,-0.04216370213557844,-0.4417261042993861,-1.278465267429809,-1.2782999174007528,-1.6405899870000635,1
Jochem van de Kamp,20.0,MF,Almere City,nl NED,26.0,2001.0,0.0638514561062089,-0.5348554450949214,-0.09619380717798358,-0.40630614019102895,0.06360824675286679,-0.23793839691791316,-0.7966832208771517,-1.1644761036035571,-0.6420385701313805,-0.22667526174915545,-0.4256881828729955,-0.5387032552538107,-0.7863839412245116,-0.5905616335380165,-0.6979032175921641,-0.26016737643666643,-0.343271897738181,-0.3869916500770173,1.0162179281538088,0.4572339925964545,0.3389656909750693,1.3300878068786361,0.7619726543165913,0.26135946857989795,0.21043889396448892,0.03207430203768039,0.8403029519890506,0.3075623426146228,0.3389656909750693,0.20832698030040336,0.17416676681308998,0.9825848314874828,0.1710414088352999,0.3024676151188416,-0.829314962976793,-0.4937758004098609,-0.26516810749792996,-0.7648958239013013,-0.43347900640775816,-0.6229490808521462,-0.5362433376089636,-0.3416016848078359,-0.671390863256741,0.9908470001860922,-0.4417261042993861,0.37709714607056144,0.38095030651015865,0.5340423672741417,1
Johan Hove,23.0,MF,Groningen,no NOR,20.0,1748.0,0.433079441416034,0.4570188563291366,-0.6650640806615757,1.3588814368888913,-0.256063967697438,0.47868930443769303,-0.5600924461924218,1.2844221400262412,0.1379587010199661,-0.49239506619194556,-0.2084098395315707,-0.25265397294214575,-0.9782554938895959,-0.9605015204560069,-1.1171340470739721,-0.45781391047382386,-0.343271897738181,-0.697853795220851,-0.06627508227090066,-0.5630057905194955,-0.6418995959016075,0.013435230372511429,-0.41043454568260845,-0.2312026068206788,-0.30513639624850947,-0.5791193423470071,-0.35564689254308346,-0.9226870278438684,-0.6418995959016075,-0.6488351752867529,-0.1380590224737909,0.06111771679108746,-1.0023026557748567,-0.7561690377971045,-0.829314962976793,-0.8110874623125913,-1.2646478972978195,-0.7648958239013013,-0.8854039279818039,-0.4477223015079718,-0.5362433376089636,-0.6115772098978998,0.0640372805490782,-1.5916797556180844,-0.4417261042993861,-0.015748172387153706,-0.014790407813420966,1.2589198186988768,1
Jorg Schreuders,19.0,MF,Groningen,nl NED,32.0,1940.0,-0.46084094407091,-0.9415763888005537,0.06634055667447132,-1.0139936667267393,0.7029526756534764,-0.6513774553923014,-0.086910896822962,-0.4298066305146176,-0.23346857095686563,0.3579083080249828,-0.6429665262144203,-0.3199596864272434,-0.04809557553494806,0.6014668909755081,0.020778204376649324,0.8268885607676995,-0.006865437954763554,-0.697853795220851,-0.6075215874832555,-0.19571946859775355,-0.11877144290071319,-0.8329842830957116,-0.41043454568260845,-0.03417777666044811,0.5971203616242378,-0.6664327201162482,0.24232802972298356,0.0,-0.11877144290071319,-0.4929875106345427,-0.8145482325953661,-0.09246013565831175,-0.16419975248188767,-0.31507043241546034,0.2947910725934106,0.45815918529833016,-0.26516810749792996,0.3847942181589369,-0.43347900640775816,-0.13231409868845811,0.09844080593787743,1.4518071604333025,-0.42624814865480126,-0.5586690532964138,-0.4417261042993861,0.29291600640105137,0.2855910982394163,-0.6257615550054344,1
Joshua Kitolano,22.0,MF,Sparta R'dam,no NOR,27.0,1582.0,0.14158366353985716,-0.2941028864820714,-0.014926625251756132,-0.3773686389274237,-0.17614591408486183,-0.430876624205961,-0.32350167150769193,-0.9195862792405773,-0.4191822069452815,-0.27981922263771347,-0.6429665262144203,-0.5765627190891781,-0.47354988796622194,-0.46724833789868636,0.020778204376649324,-0.45781391047382386,-0.006865437954763554,-0.0761295049331837,-0.06627508227090066,-0.39976742522094355,-0.31494450027604853,-0.45679783266539026,-0.440496268759511,-0.2312026068206788,-0.43403021880175907,-0.404492586808525,-0.1847969147527786,-0.9226870278438684,-0.31494450027604853,-0.18129218133012223,-0.29417191711723134,0.2914844954651863,-0.667061494457669,-0.22685071133913146,-0.4920831523057319,-0.5731037158855435,0.10963681367702863,-0.7648958239013013,0.018445915166287602,-0.2724955221637975,-0.4093065088995954,-0.36088565088569763,-0.23013397697324947,-0.5586690532964138,-0.4417261042993861,-0.2682915913956844,-0.2722602701444244,-0.7707370452903815,1
Julian Baas,22.0,MF,Sparta R'dam,nl NED,13.0,850.0,0.04441840424779822,-0.2639268164652019,-0.17746098910421104,-0.4931186439818447,-1.1351625574357762,-1.0096913060701045,-0.7966832208771517,0.05997301821134207,0.9179559721713128,-1.0769786359660838,2.3989302805655264,-1.0014300354638568,-0.9629613846191907,-0.9605015204560069,-0.8775735730843676,-0.75428371152956,-1.0160848173050159,-0.697853795220851,0.47497142294145417,-0.8894825211165995,-0.772681634151831,-0.5508444452729706,-0.8312986687592443,-1.0193019274616015,-1.0784993315680071,-0.7537460978854893,-0.7827718370188457,-1.2302493704584911,-0.772681634151831,-1.6358703847507512,-0.45028481176067175,-1.1675051028041064,-1.1699232364334504,-1.2854873642550777,-1.3913679807618948,-1.445710786118052,-1.1397129235728332,-0.7648958239013013,0.018445915166287602,-0.9383572836716598,-0.5362433376089636,-1.1129603279223041,-1.2107048353810084,-1.075174404457249,-0.4417261042993861,-1.418767166878993,-1.4118028089797918,-0.3358105744355404,1
Kees Smit,18.0,MF,AZ Alkmaar,nl NED,18.0,989.0,0.8217404785842698,-0.680487783002422,0.2288749205269262,-0.52205614524545,-0.256063967697438,-0.5411270397991311,0.14967987786176792,-0.6746964548775974,-0.7163240245267469,-0.0672433790834814,-0.6429665262144203,-0.5681495049035409,-0.3247799159722798,-0.3850394741391329,-0.39845262510515855,-0.16134410941808772,0.32954102182865386,-0.697853795220851,-0.6075215874832555,-0.5630057905194955,-0.5111175576513839,-1.2091707335260329,-0.8012369456823417,-0.9207895123814862,-0.8207116864615079,-0.404492586808525,-0.868196825913998,0.3075623426146228,-0.5111175576513839,-0.8306574507143316,-0.8145482325953661,-0.4764047667818098,-0.7508717847869659,-0.9326084799497623,-0.829314962976793,-0.4937758004098609,0.10963681367702863,-0.7648958239013013,-0.8854039279818039,-0.5879037249833112,0.03497239158319328,-0.45730548127500614,-0.3772196057344133,-0.5586690532964138,-0.4417261042993861,-1.1942841277602987,-1.1972445903706224,-1.0606880258602756,1
Kenneth Taylor,22.0,MF,Ajax,nl NED,33.0,2447.0,0.14158366353985716,1.011340142508587,1.1228139217154283,0.519693900244339,2.141477640679848,1.581193460369395,0.8594522019159576,-0.4298066305146176,0.9179559721713128,1.314499604019027,1.3125385638584026,1.2112452953587276,1.8052723933241634,1.6701821198497027,1.338360811319474,1.4198281628791718,-0.006865437954763554,-0.0761295049331837,-0.6075215874832555,-0.11410028594847754,-0.18416246202582498,0.013435230372511429,-0.07975559183668028,0.06433463841966723,0.21043889396448892,-0.055239075731560686,-0.1847969147527786,0.0,-0.18416246202582498,-0.20726679210549062,0.27824202990871694,0.2146955692404867,1.4281957637747533,1.3611042680347878,0.744433486821492,-0.25579205398281313,0.48444173485198716,1.3045462518071274,1.8261456014624704,1.5498629830156154,2.0024932365784003,1.741066651601228,0.7504368814345095,-0.04216370213557844,-0.4417261042993861,1.0786066433164812,1.0770725268865753,0.31657913184672115,0
Kian Fitz-Jim,21.0,MF,Ajax,nl NED,27.0,1233.0,0.7245752192922108,-0.6831117890908455,-0.6650640806615757,-0.7246186540906867,0.6230346220409002,0.06525024596330485,-0.086910896822962,-0.6746964548775974,-0.5677531157360142,-0.0672433790834814,-0.6429665262144203,-0.3956786140979782,-0.3011435652816534,-0.2206217466200261,-0.2786723881103563,-0.45781391047382386,-0.6796783575215984,-0.3869916500770173,0.47497142294145417,-0.5630057905194955,-0.6418995959016075,-0.7389376704881313,-0.6509283302978289,-0.5267398520610248,-0.43403021880175907,-0.7537460978854893,-0.5264968703333883,0.3075623426146228,-0.6418995959016075,-0.7007843968374897,-0.8665858641431796,-0.7835604716806083,-0.24801004281118458,-0.5797295956444468,-0.3234672469702014,-0.25579205398281313,0.23457178740201481,-0.30501980707720605,-0.43347900640775816,-0.23745016629496263,-0.7901169950277,0.10192953498298328,-0.27916251989363744,-0.04216370213557844,-0.4417261042993861,-0.8154689992475022,-0.8158077572876542,-1.713077732142537,1
Kodai Sano,20.0,MF,NEC Nijmegen,jp JPN,25.0,1970.0,0.6079769081417384,0.23463434033525057,-0.014926625251756132,0.3750063939263128,-0.5757361821477428,-0.23793839691791316,-0.5600924461924218,1.0395323156632614,-0.30775402535223195,0.46419622980209885,-0.2084098395315707,0.7022458371276769,-0.011945862713990146,-0.46724833789868636,-0.15889215111555405,-0.6554604445109813,-0.343271897738181,-0.0761295049331837,-1.1487680926956103,0.008328488025436462,-0.31494450027604853,0.6717615186255738,0.2208616389323453,0.6554091289003593,0.854908006730737,0.2940144353454036,-0.35564689254308346,0.3075623426146228,-0.31494450027604853,1.1953621897644016,0.1221291352652765,0.6754291265886844,0.7577134411403782,1.4493239891111167,0.06996986547936988,0.5374871007740127,1.1091166034769182,-0.30501980707720605,0.018445915166287602,-0.4477223015079718,-0.21890126583554306,-0.38016961696355933,0.015008737628690259,-0.04216370213557844,2.263846284534354,0.33500657623580615,0.3332707023747876,0.6790178575590887,2
Kristian Nökkvi Hlynsson,20.0,MF,Sparta R'dam,is ISL,14.0,1211.0,-1.607391003717204,-0.8418641574404632,-0.014926625251756132,-1.0139936667267393,-0.655654235760319,-0.789190474883764,-0.086910896822962,0.05997301821134207,0.6208141545898473,-0.43925110530338757,1.7470952505412523,-0.9593639645356709,-0.7015711534522642,-0.46724833789868636,0.020778204376649324,-0.26016737643666643,-1.0160848173050159,-0.0761295049331837,-0.06627508227090066,-0.8894825211165995,-0.8380726532769428,-0.8329842830957116,-0.9214838379899519,-1.1178143425417169,-1.0784993315680071,-0.7537460978854893,-0.6973468481236932,-1.537811713073114,-0.8380726532769428,-0.9345558938158051,-0.45028481176067175,-0.7067715454559086,-1.0023026557748567,-0.491509874568118,-0.3796725487487116,-0.8110874623125913,-0.7649080023978747,-0.30501980707720605,0.47037083674033336,0.042912680655716205,-0.15543285148085906,-0.05234219363991036,-0.03401980529169769,-1.5916797556180844,-0.4417261042993861,-0.8435293791373388,-0.8491834801824137,1.2589198186988768,1
Leo Sauer,18.0,MF,NAC Breda,sk SVK,31.0,2482.0,-2.1515164557527333,-0.5663435181560026,0.5539436482318361,-0.9271811629359235,0.4631985148157478,-0.430876624205961,-0.32350167150769193,-0.6746964548775974,2.217951424090224,0.6236281124677729,0.4434251904927036,0.7527251222415,2.4587479712414795,3.807612577598092,3.25484460323631,4.186879639399376,1.3387604011789063,1.4781812207859846,3.7224504542155827,0.049138079350074464,-0.0533804237756014,-1.3972639587411937,-0.41043454568260845,0.1628470534997826,0.7260141841774873,0.11938767980692147,-0.1847969147527786,0.6151246852292456,-0.0533804237756014,0.4680730880540871,0.7986183453868517,1.136162683936882,0.003420828176706111,2.0668620366454187,2.6554137472908383,2.203373325763347,-0.39010308122291615,0.8446702349830322,0.018445915166287602,0.9540919332454226,0.4792512920659821,2.5702771929492814,1.8290648256830442,-0.5586690532964138,-0.4417261042993861,1.1347274030961552,1.129520091435483,0.7515056027015622,0
Levi Smans,20.0,MF,Heerenveen,nl NED,33.0,2298.0,-1.646257107434028,0.19068223835415807,3.073226287944887,-0.030118623764160708,1.8218054262295433,0.6716275317257409,2.042406075339607,1.0395323156632614,3.035091422439254,1.7396512911274913,2.8334869672483762,0.4246097690016491,0.8542568714189629,1.7934954154890328,0.7394596263454628,1.716297963934908,1.6751668609623236,0.8564569304983172,2.0987109385785185,-0.7262441558180476,-0.5765085767764957,-0.5508444452729706,-0.711051776451634,-0.03417777666044811,0.08154507141123932,-0.6664327201162482,-1.1244717925994554,0.9226870278438684,-0.5765085767764957,0.26027620185114014,-0.03398375937816394,-0.09246013565831175,0.087231118506003,0.3906873361951705,2.599208445512328,2.6793408186174426,-0.015298160047957565,-0.07508179866515839,0.018445915166287602,0.4985023069505695,2.0024932365784003,1.741066651601228,0.8484939672752854,-0.5586690532964138,-0.4417261042993861,0.8400934142528685,0.843442466623257,0.02662815127682713,0
Luciano Valente,20.0,MF,Groningen,nl NED,32.0,2587.0,-0.03331380318585005,0.9726360527043414,1.6104170132727929,1.5325064444705228,2.4611498551301527,1.4158178369796397,1.8058153006548774,-0.4298066305146176,0.7693850633805801,1.6333633693503753,-0.4256881828729955,1.7833438599820575,1.756609318372874,1.3824510966912658,3.25484460323631,1.1233583618234357,1.6751668609623236,0.8564569304983172,0.47497142294145417,-0.8894825211165995,-0.772681634151831,-0.8329842830957116,-0.9214838379899519,0.6554091289003593,1.1126956518372362,-1.0156862311932124,-0.868196825913998,0.0,-0.772681634151831,1.559006740619559,-0.7104729694997391,-0.5531936930065094,-0.49944091379907524,0.47890705727149935,1.8685395223916956,2.044717494811982,-0.5150380549479023,-0.30501980707720605,2.278070523036516,0.1480487482622209,2.5102405514158734,2.146029939236324,1.0936366818772252,0.4743416490252569,2.263846284534354,1.2890594924902572,1.2916307454957447,0.8239933478440357,0
Malik Tillman,22.0,MF,PSV Eindhoven,us USA,26.0,1915.0,0.2581819746903268,0.06341794306562151,1.6104170132727929,-0.2616186338730027,1.3422971045540861,0.9748161746069589,3.225359948763257,0.05997301821134207,0.3979577914037483,1.8990831737931655,-0.4256881828729955,0.584460838528756,1.1392834532765157,1.1769289372923821,0.7993497448428639,1.321004895860593,1.3387604011789063,0.5455947853544836,-0.06627508227090066,0.7837107231935585,0.9928758822261872,1.1419945816634756,0.9423429927780067,1.2464836193810513,1.6282709420502346,0.2940144353454036,0.9257279408842031,1.537811713073114,0.9928758822261872,1.636930572945664,0.27824202990871694,-1.013927250354707,0.6739031508110812,1.1846648258821302,0.9692546939355328,1.3307662555308386,-0.7649080023978747,1.9943602770432702,0.018445915166287602,1.374636203671441,2.700645794479926,1.5289430247447493,1.4368364823199407,-0.5586690532964138,-0.4417261042993861,0.2508254365662961,0.24744741493111963,0.31657913184672115,0
Marcus Linday,21.0,MF,Heerenveen,se SWE,15.0,1264.0,0.6857091155753867,-0.39053511023163257,-0.9901328083664855,-0.030118623764160708,-0.5757361821477428,-0.017437565731572787,-0.7966832208771517,-0.9195862792405773,-0.8277522061197964,-0.6518269488576196,-0.6429665262144203,-0.3409927218913364,-0.2149404039393692,-0.2206217466200261,-0.2786723881103563,-0.45781391047382386,-1.0160848173050159,-0.3869916500770173,-0.6075215874832555,-0.23652905992239154,-0.0533804237756014,-0.3627512200578099,-0.2901876533749982,-0.6252522671411402,-0.30513639624850947,0.03207430203768039,-0.09937192585762616,-1.537811713073114,-0.0533804237756014,0.0784539264235615,-0.5023224433084853,-0.3996158405571102,-0.41563062346977836,-0.31507043241546034,-0.4920831523057319,-0.8904153777882738,-0.26516810749792996,-0.30501980707720605,0.018445915166287602,-0.5528583691144764,-0.6631801663183319,-0.3223177187299742,-1.0145906636994566,-0.5586690532964138,-0.4417261042993861,-0.7733784294127468,-0.7681281531522832,1.0414565832714562,1
Mathias Kjølø,23.0,MF,Twente,no NOR,22.0,865.0,0.41364638955762056,-0.3065669154020827,-1.1526671722189403,0.05669388002665504,-0.8954083965980476,-0.6789400592905939,-0.5600924461924218,0.7946424913002816,-0.8277522061197964,-1.0769786359660838,-0.6429665262144203,-0.8499921801223872,-1.100608368052838,-0.9605015204560069,-0.7577933360895652,-0.75428371152956,-1.0160848173050159,-1.0087159403646846,-1.1487680926956103,-1.0527208864151516,-0.772681634151831,-0.7389376704881313,-1.0116690072206596,-1.5118640028621784,-1.722968444334255,-0.8410594756547304,-1.1244717925994554,-0.9226870278438684,-0.772681634151831,-0.8566320614897,-0.6063977064041122,-0.24603798810771096,-1.1699232364334504,-1.2854873642550777,-1.447573282540405,-1.2870549551666868,-1.2646478972978195,-0.7648958239013013,-0.43347900640775816,-0.903311927802825,-0.9170538237370682,-0.8237008367543786,-1.0636192066198447,-1.5916797556180844,-0.4417261042993861,-1.3907067869891563,-1.3879630069121063,-2.2204919481398515,1
Max Balard,23.0,MF,NAC Breda,au AUS,33.0,2937.0,0.8800396341595046,1.4121570725152666,-0.7463312625878031,1.0405689229892336,-0.49581812853516666,1.3606926291830546,0.14967987786176792,0.5497526669373017,-0.8648949333174796,-0.22667526174915545,-0.4256881828729955,0.668592980385128,0.5386420710205996,-0.015099587221142538,0.020778204376649324,-0.6554604445109813,-1.0160848173050159,-1.0087159403646846,0.47497142294145417,1.2326162277645765,0.7967028248508518,2.7407869959923414,1.7840712389312783,2.231607770182205,1.499377119496985,1.60371510188402,1.1820029075696603,-0.6151246852292456,0.7967028248508518,1.6629051837210322,-0.08602139092597742,0.7522180528133839,0.3386619894938937,0.5671267783478282,-0.4358778505272218,-0.4937758004098609,0.8592466560269457,-0.5349578154892537,-0.43347900640775816,-0.8682665719339903,-0.47277492325427956,-0.8815527349879637,-1.1126477495402325,1.5073523513469276,-0.4417261042993861,1.8362369003420749,1.8399461930525114,1.4038953089838238,2
Mohammed Ihattaren,22.0,MF,RKC Waalwijk,nl NED,24.0,1542.0,-1.6268240555756173,0.3638666401901047,1.4478826494203378,0.02775637876304979,1.9816415334546957,0.5338145122342781,-0.32350167150769193,2.263981437478161,3.5922323304045016,1.314499604019027,1.5298169071998275,0.4288163760944677,1.012759458403163,1.7523909836092562,1.0389102188324684,2.704530634120695,2.3479797805291587,-0.3869916500770173,-0.6075215874832555,-0.8078633384673235,-0.772681634151831,-0.927030895703292,-0.8914221149130493,-1.0193019274616015,-0.9496055090147575,-0.6664327201162482,-0.9536218148091505,-0.3075623426146228,-0.772681634151831,-0.3111652352069641,-0.9186234956909931,-1.0907161765794067,-1.7565952687385287,-0.5797295956444468,0.12617516725788006,0.6961429317253779,-1.5145178447477918,0.15485620974688924,0.922295758314379,0.42841159521289973,1.812087993514348,1.0661278388760684,1.191693767718001,-1.075174404457249,-0.4417261042993861,-0.3384425411202764,-0.3342437555204069,-0.40829831957801394,0
Nick Fichtinger,20.0,MF,Zwolle,nl NED,22.0,853.0,-0.6746045145134385,-0.8084080798130644,-0.8275984445140306,-1.0718686692539496,-0.8154903429854714,-1.2301921372564448,-0.7966832208771517,-0.9195862792405773,-0.7906094789221132,-1.289554479520316,-0.6429665262144203,-1.422090744745717,-1.2146190007958593,-1.0427103842155603,-1.057243928576571,-0.75428371152956,-0.6796783575215984,-0.697853795220851,-1.1487680926956103,0.37561480994717844,0.9274848631010754,-0.8329842830957116,0.010429577394027396,-0.03417777666044811,-0.5629240413550087,0.3813278131146447,0.0714780519326787,1.2302493704584911,0.9274848631010754,-1.2202766123448572,-0.34620954866504483,-0.015671209433612148,-0.667061494457669,-1.6383662485603931,-1.2789573772048746,-1.1283991242153217,0.9841816297519319,-0.7648958239013013,-0.8854039279818039,-0.903311927802825,-0.9170538237370682,-0.9972565314551339,-1.0145906636994566,0.4743416490252569,-0.4417261042993861,-1.4047369769340745,-1.4070348485662547,-2.2204919481398515,1
Oscar Fraulo,20.0,MF,Utrecht,dk DEN,27.0,1711.0,-0.3831087366372617,-0.44235923047799536,0.31014210245315366,-0.7824936566178972,-0.41590007492259046,-0.4860018320025461,-0.32350167150769193,-0.6746964548775974,-0.2706112981545488,0.09218850358219267,0.008868503809854083,-0.47981075595435024,-0.4165445715947114,-0.2206217466200261,-0.21878226961295516,-0.3589906434552451,-0.343271897738181,-0.0761295049331837,-0.06627508227090066,-0.35895783389630553,-0.4457265385262721,0.38962168080283277,-0.1398790379904854,-0.4282274369809095,-0.30513639624850947,-0.404492586808525,-0.35564689254308346,0.0,-0.4457265385262721,0.05247931564819312,0.27824202990871694,0.3682734216898859,1.1767648927868626,0.3024676151188416,-0.04244073807765048,0.061519607919917216,0.8592466560269457,-0.07508179866515839,0.47037083674033336,-0.23745016629496263,0.7331249494847184,0.2369172975280152,-0.5243052344955772,-0.04216370213557844,-0.4417261042993861,-0.07186893216682709,-0.07200593277586632,-0.4807860647204874,1
Paxten Aaronson,20.0,MF,Utrecht,us USA,33.0,2689.0,-0.11104601061949555,0.14607413485095969,1.1228139217154283,-0.001181122500555459,0.942706836491205,0.9748161746069589,-0.086910896822962,-0.4298066305146176,0.8808132449736296,1.0487797995762371,0.22614684715127886,0.6012872669000304,0.473294513228868,0.8069890503743917,0.4400090338584572,0.4315954926933846,-0.006865437954763554,2.4107676562174856,1.0162179281538088,3.0282382460486486,2.823824417729317,1.8003208699165378,2.806169823545966,1.443508449541282,1.6282709420502346,2.564162257345672,2.890502685472709,3.3831857687608506,2.823824417729317,1.4810829082934538,-0.1380590224737909,0.6754291265886844,1.679626634762644,0.8317859415768147,-0.15485134163467085,1.5687500019578864,2.7332712619017387,1.0746082433950797,0.922295758314379,0.8840012215077528,0.6061881207753501,0.314053161839462,1.4858650252403287,2.540363053668598,-0.4417261042993861,1.4574217718292777,1.4537413995560065,0.8239933478440357,2
Quinten Timber,23.0,MF,Feyenoord,nl NED,18.0,1391.0,0.5496777525665036,-0.5453514694486151,0.14760773860069876,-0.34843113766381845,-0.09622786047228561,-0.34818881251108336,1.0960429766006876,-0.9195862792405773,-0.7534667517244301,0.03904454269363465,-0.6429665262144203,-0.45036450630462005,-0.18435218539855866,-0.30283061037957953,0.2603386783662538,-0.16134410941808772,0.6659474816120713,-0.3869916500770173,-0.06627508227090066,-0.15490987727311553,0.012010595349510385,-0.7389376704881313,-0.3503110995288033,-0.6252522671411402,-0.1762425736952599,-0.5791193423470071,0.15690304082783113,0.3075623426146228,0.012010595349510385,-0.8826066722650683,-0.6063977064041122,-1.4746608077029046,0.1710414088352999,0.3906873361951705,-0.2672619451916912,-0.09713622303144796,-1.1397129235728332,0.6147322265709846,-0.8854039279818039,0.18309410413105562,-0.21890126583554306,-0.11019409187349548,0.30917999515101796,0.9908470001860922,-0.4417261042993861,-0.5629255802389709,-0.5678738157837248,0.5340423672741417,1
Ringo Meerveld,23.0,MF,Willem II,nl NED,33.0,2900.0,1.2687006713277404,0.663659335792482,0.8790123759367459,1.3878189381524966,1.5021332117792385,1.2228796096915917,0.38627065254649784,1.774201788752201,0.2865296098106988,1.367643564907585,-0.4256881828729955,1.6319060046405878,2.161208027253595,1.5879732560901492,1.6977015223038807,0.4315954926933846,3.0207927000959938,-0.0761295049331837,2.0987109385785185,-0.7262441558180476,-0.772681634151831,-0.45679783266539026,-0.6809900533747315,0.26135946857989795,0.7260141841774873,-0.4918059645777661,-0.7827718370188457,-0.9226870278438684,-0.772681634151831,0.9875653035614546,-0.7625106010475526,-1.1675051028041064,-1.0023026557748567,2.7726198052560496,0.744433486821492,1.7274058329092516,-0.14023313377294375,0.15485620974688924,0.018445915166287602,-0.13231409868845811,0.22537763464724547,0.5261767886959408,0.11306582346946616,-0.5586690532964138,-0.4417261042993861,1.7801161405624013,1.782730668090066,1.3314075638413503,0
Roberto González,23.0,MF,NEC Nijmegen,es ESP,17.0,985.0,-2.112650352035912,-1.4020894573188663,-1.1526671722189403,-1.3612436818900022,-0.8954083965980476,-1.6160685918325406,-0.5600924461924218,-0.9195862792405773,0.5093859729967979,-1.342698440408874,0.008868503809854083,-1.2622396752186102,-1.1228543451734276,-0.42614390601890967,-0.7577933360895652,-0.45781391047382386,0.32954102182865386,2.4107676562174856,0.47497142294145417,-1.1343400690644276,-0.9688546915271664,-1.3972639587411937,-1.2822245149127827,-1.2163267576218322,-0.9496055090147575,-0.9283728534239715,-1.3807467592849128,-0.3075623426146228,-0.9688546915271664,-1.2982004446709623,-0.6584353379519257,-0.9371383241300074,-0.7508717847869659,0.3024676151188416,-0.9417255665338133,-0.7317595468369087,-1.014777949847847,-0.30501980707720605,-0.43347900640775816,0.07795803652455109,-0.853585409382384,-0.41873754911928274,-0.1320768911324736,-1.075174404457249,-0.4417261042993861,-1.208314317705217,-1.2020125507841593,-0.8432247904328549,1
Ryan Fosso,22.0,MF,Fortuna Sittard,ch SUI,30.0,2551.0,1.2687006713277404,0.8243797087084174,-0.09619380717798358,0.6065064040351548,-0.17614591408486183,0.1479380576581825,0.6228614272312277,2.9986509105671004,-0.530610388538331,0.03904454269363465,-0.6429665262144203,0.9672620839752487,0.15211821855035731,-0.5905616335380165,-0.15889215111555405,-0.45781391047382386,1.3387604011789063,0.23473264021064993,0.47497142294145417,-0.11410028594847754,-0.24955348115093676,2.2705539329544395,0.6417257620089811,0.35987188366001327,-0.04734875114201028,-0.3171792090392839,0.15690304082783113,-0.3075623426146228,-0.24955348115093676,1.0395145251121913,-0.29417191711723134,0.06111771679108746,0.003420828176706111,0.7435662205004859,0.12617516725788006,0.1408475233955998,0.48444173485198716,-0.5349578154892537,-0.43347900640775816,-0.4126769456391369,0.5427197064206659,-0.8429848028322403,-0.3281910628140254,1.5073523513469276,-0.4417261042993861,1.2329387327105836,1.239183180946837,1.1139443284139297,2
Sami Ouaissa,19.0,MF,NEC Nijmegen,nl NED,33.0,1846.0,-1.4324935369914995,-1.0819607145312073,0.14760773860069876,-1.216556175571976,-0.49581812853516666,-1.1199417216632745,-0.086910896822962,-0.6746964548775974,0.5836714273921642,-0.12038733997203942,0.8779818771755531,-0.6144221829245455,-0.40542158303441667,-0.015099587221142538,0.2603386783662538,0.5304187597119633,0.6659474816120713,0.23473264021064993,1.5574644333661638,-0.7670537471426855,-1.0342457106522782,-0.3627512200578099,-0.6809900533747315,-0.8222770973013709,-0.9496055090147575,-0.8410594756547304,-0.7827718370188457,0.0,-1.0342457106522782,-0.4150636783084376,-0.29417191711723134,0.5986402003639847,0.4224722798231906,1.0082253837294723,1.3064865046065939,0.6961429317253779,-0.26516810749792996,0.8446702349830322,-0.43347900640775816,0.39336623934406484,0.4157828777112979,0.8347202459417281,0.11306582346946616,-0.04216370213557844,-0.4417261042993861,0.13858391700694883,0.13778432541976607,-0.988200280717802,1
Sem Scheperman,22.0,MF,Heracles Almelo,nl NED,23.0,1639.0,0.9383387897347394,-0.19045464598934572,-1.1526671722189403,-0.001181122500555459,-1.374916718273505,-0.5962522475957163,-0.7966832208771517,0.05997301821134207,-0.8277522061197964,-1.0769786359660838,-0.4256881828729955,-0.4587777204902572,-0.64178508994068,-0.7549793610571234,-0.9374636915817687,-0.6554604445109813,-1.0160848173050159,-0.3869916500770173,-0.06627508227090066,1.4774737757124046,1.1890489396015225,1.0479479690558953,1.4233305620084478,1.3449960344611667,1.2415894743904856,1.4290883463455377,1.4382778742551177,0.9226870278438684,1.1890489396015225,0.10442853719892987,1.058806503125919,0.9057959052627832,1.1767648927868626,-0.7561690377971045,-0.9417255665338133,-0.9697432932639565,1.3589865509268906,-0.5349578154892537,-0.43347900640775816,-0.5528583691144764,-1.0439906524464364,-0.8815527349879637,-0.9165335778586807,2.0238577025077626,2.263846284534354,-0.18411045172617435,-0.1816690222872195,0.09911589641930063,2
Sem Steijn,22.0,MF,Twente,nl NED,33.0,2762.0,-0.9855333442480261,0.04242589435823404,1.5291498313465655,0.05669388002665504,1.5021332117792385,0.5613771161325707,2.515587624709067,0.05997301821134207,0.02653051942691659,1.4207875257961433,0.4434251904927036,0.3573040555165515,-0.2052077889491113,0.06710927653841088,-0.39845262510515855,-0.06252084239950899,0.6659474816120713,0.8564569304983172,-0.06627508227090066,-1.1343400690644276,-1.0342457106522782,-0.7389376704881313,-1.0717924533744647,-0.7237646822212556,-0.6918178639082583,-1.3649397422701768,-0.6119218592285408,-1.537811713073114,-1.0342457106522782,0.1563777587496666,-0.1380590224737909,0.2914844954651863,-0.5832512041283722,-0.7561690377971045,0.5196122797074514,0.7754708472010605,0.10963681367702863,4.753616377987842,2.278070523036516,4.318446096653569,1.7486195791596642,1.5675109569004728,2.8586642270111913,-0.04216370213557844,-0.4417261042993861,1.569663291388625,1.5681724494808966,1.0414565832714562,0
Stije Resink,21.0,MF,Groningen,nl NED,26.0,2127.0,-0.28594347734520276,1.3327808883404577,-0.4212625348828934,1.3878189381524966,-0.256063967697438,0.9472535707086663,-0.086910896822962,0.05997301821134207,-0.2706112981545488,-0.3329631835262715,-0.4256881828729955,0.9125761917686069,0.6790698015943207,0.19042257217774103,0.14055844137145157,-0.26016737643666643,1.3387604011789063,0.5455947853544836,0.47497142294145417,2.0079984629326986,2.4314783029786464,0.5777149060179935,1.6638243466236682,1.9360705249418588,2.2727400548164827,1.60371510188402,2.292527763206642,1.2302493704584911,2.4314783029786464,0.8836668604599811,1.3710322924128,0.2914844954651863,1.51200605410405,-0.05041126918647376,0.06996986547936988,0.22017543887128238,1.2340515772019043,0.3847942181589369,0.018445915166287602,-0.027178031081953425,-0.4093065088995954,-0.6694291081314849,0.5543227097529577,2.0238577025077626,-0.4417261042993861,0.5735198052994193,0.5764366834651795,0.8964810929865092,2
Tika de Jonge,21.0,MF,Groningen,nl NED,21.0,1271.0,-1.1409977591153226,-0.19045464598934572,-0.908865626440258,-0.23268113260939746,-0.655654235760319,-0.12768798132474296,-0.5600924461924218,0.5497526669373017,0.1379587010199661,-0.9706907141889678,-0.2084098395315707,-0.6312486112958199,-0.5736567850088746,-0.5494572016582397,-0.39845262510515855,-0.6554604445109813,-0.6796783575215984,-1.0087159403646846,-1.1487680926956103,0.08994767067471246,-0.18416246202582498,0.10748184298009177,0.10061474662473507,-0.32971502190079416,-0.43403021880175907,0.11938767980692147,0.15690304082783113,-0.3075623426146228,-0.18416246202582498,-0.8046828399389632,0.27824202990871694,-0.16924906188301136,-0.5832512041283722,-1.2854873642550777,-0.4920831523057319,-0.7317595468369087,-0.7649080023978747,-0.5349578154892537,-0.43347900640775816,-0.6229490808521462,-0.853585409382384,-0.9008367010658254,-0.671390863256741,-0.04216370213557844,2.263846284534354,-0.7593482394678285,-0.7585922323252089,-0.6257615550054344,1
Yassin Oukili,23.0,MF,RKC Waalwijk,nl NED,32.0,2208.0,-0.30537652920361347,-0.08352639788609079,0.7977451940105184,-0.17480613008218696,-0.41590007492259046,-0.04500016962986533,-0.32350167150769193,0.05997301821134207,-0.530610388538331,0.995635838687679,-0.6429665262144203,0.18483316471098882,0.09928402288895728,0.3548402996968479,0.7394596263454628,-0.16134410941808772,-0.006865437954763554,0.23473264021064993,1.0162179281538088,1.1509970451153004,1.0582669013512989,0.4836682934104131,1.0024664389318119,0.26135946857989795,0.4682265390709881,1.778341857422502,0.5840279853035933,0.3075623426146228,1.0582669013512989,1.1953621897644016,1.3189946608649865,0.5986402003639847,0.7577134411403782,0.2142478940425128,0.744433486821492,0.061519607919917216,0.7343116823019595,0.6147322265709846,0.47037083674033336,0.603638374557074,0.09844080593787743,0.37190506007304713,0.7994654243548974,0.4743416490252569,2.263846284534354,0.6997915148036846,0.7051716146306815,-0.04585959386564638,2
Youri Regeer,20.0,MF,Twente,nl NED,19.0,1342.0,0.47194554513285814,0.10737004504671403,-0.17746098910421104,0.8090689128803915,0.3033624075905954,0.47868930443769303,-0.5600924461924218,-0.9195862792405773,-0.010612207770766583,0.4110522689135408,-0.4256881828729955,-0.00025754737302965177,-0.20937890965922182,-0.2617261784998028,-0.5781229805973619,-0.45781391047382386,-0.6796783575215984,-0.697853795220851,-0.06627508227090066,-0.5221961991948575,-0.7072906150267192,0.013435230372511429,-0.3803728226057059,-0.6252522671411402,-0.6918178639082583,-0.6664327201162482,-0.6119218592285408,0.6151246852292456,-0.7072906150267192,-0.6488351752867529,0.07009150371746302,-0.16924906188301136,0.1710414088352999,0.037808451889855085,-0.4920831523057319,-1.049071208739639,-0.6399730286728885,-0.7648958239013013,-0.8854039279818039,-0.7280851484586507,-0.02849602277149088,0.2369172975280152,-0.720419406177129,-0.5586690532964138,-0.4417261042993861,-0.6471067199084812,-0.6441611824003185,0.09911589641930063,1
Zico Buurmeester,22.0,MF,AZ Alkmaar,nl NED,27.0,1195.0,0.1804497672566813,-0.3833190934884681,-0.09619380717798358,-0.52205614524545,0.143526300365443,-0.5411270397991311,-0.086910896822962,-0.6746964548775974,-0.38203947974759833,-0.22667526174915545,0.6607035338341284,-0.5092570056040805,-0.5194322157774378,-0.42614390601890967,-0.7577933360895652,-0.26016737643666643,0.32954102182865386,-0.697853795220851,-1.1487680926956103,-0.4405770165455815,-0.5765085767764957,-0.45679783266539026,-0.47055799183641356,-0.5267398520610248,-0.43403021880175907,-0.5791193423470071,-0.270221903647931,-0.3075623426146228,-0.5765085767764957,-0.3111652352069641,-0.24213428556941785,-0.24603798810771096,-0.24801004281118458,-1.4619268064077353,-0.4920831523057319,-0.8110874623125913,-0.7649080023978747,0.15485620974688924,-0.43347900640775816,0.042912680655716205,-0.5362433376089636,-0.45730548127500614,-0.42624814865480126,-1.5916797556180844,-0.4417261042993861,-0.8715897590271755,-0.8730232822500993,-1.8580532224274842,1
Zidane Iqbal,21.0,MF,Utrecht,iq IRQ,18.0,1449.0,1.618495604779152,0.8053556645673474,-0.33999535295666594,0.63544390529876,0.143526300365443,0.6991901356240334,-0.5600924461924218,-0.4298066305146176,-0.6420385701313805,-0.0672433790834814,-0.4256881828729955,0.3110313774955469,0.22024652348216261,-0.6727704972975699,0.020778204376649324,-0.75428371152956,-0.343271897738181,-0.3869916500770173,-1.1487680926956103,-0.7262441558180476,-0.5765085767764957,0.013435230372511429,-0.5306814379902186,-1.6103764179422937,-1.8518622668875047,-0.6664327201162482,-0.4410718814382359,-1.537811713073114,-0.5765085767764957,0.23430159107577175,-0.9186234956909931,-1.3210829552535055,-1.0861129461041534,0.037808451889855085,-0.7169043594197727,-1.049071208739639,-0.6399730286728885,-0.5349578154892537,-0.8854039279818039,-0.7631305043274855,-0.5997117519636477,-1.0165404975329957,-0.6223623203363531,-0.04216370213557844,-0.4417261042993861,-0.4787444405694603,-0.47728256792651996,0.8239933478440357,1
